{
    "loss": 0.32383498549461365,
    "accuracy": 0.8823529481887817
}